Name;Ordnungszahl;SpielklasseAltersklasse;Geschlecht;Liganame;Liganummer;Widget ID;Code groß;Code klein
 DJK SB München; 1; Bayernliga; Senioren; männlich; Vorbereitungsspiele (ByLH-PRE);20098;1728459670409;"<div id=""widget_1728459670409""></div>         <script>                 widget.ligawidget('widget_1728459670409',                         {""iframeWidth"":1200,""iframeHeight"":600,""showRefreshButton"":true,""titleColor"":""FFFFFF"",""titleBgColor"":""00CC00"",""tapColor"":""FFFFFF"",""tapBgColor"":""333333"",""colorMatchGroup"":""666666"",""bgColorMatchGroup"":""F0F0F0"",""colorMatchListItem"":""000000"",""bgColorMatchListItem"":""FFFFFF"",""showKuerzelInSpiele"":false,""ligaNr"":""20098"",""vereinsId"":""977"",""rangeDays"":8,""activeTap"":""tabelle"",""tapColorActive"":""FFFFFF"",""tapBgColorActive"":""000000"",""tapBorderColorActive"":""00CC00"",""colorTableHeader"":""666666"",""bgColorTableHeader"":""F0F0F0"",""colorTableListItem"":""000000"",""bgColorTableListItem"":""FFFFFF"",""colorTableListItem2"":""000000"",""bgColorTableListItem2"":""FFFFFF"",""showKuerzelInTabelle"":false});         </script>     ";"<div id=""widget_1728459670409""></div>         <script>                 widget.ligawidget('widget_1728459670409',                         {""iframeWidth"":600,""iframeHeight"":600,""showRefreshButton"":true,""titleColor"":""FFFFFF"",""titleBgColor"":""00CC00"",""tapColor"":""FFFFFF"",""tapBgColor"":""333333"",""colorMatchGroup"":""666666"",""bgColorMatchGroup"":""F0F0F0"",""colorMatchListItem"":""000000"",""bgColorMatchListItem"":""FFFFFF"",""showKuerzelInSpiele"":false,""ligaNr"":""20098"",""vereinsId"":""977"",""rangeDays"":8,""activeTap"":""tabelle"",""tapColorActive"":""FFFFFF"",""tapBgColorActive"":""000000"",""tapBorderColorActive"":""00CC00"",""colorTableHeader"":""666666"",""bgColorTableHeader"":""F0F0F0"",""colorTableListItem"":""000000"",""bgColorTableListItem"":""FFFFFF"",""colorTableListItem2"":""000000"",""bgColorTableListItem2"":""FFFFFF"",""showKuerzelInTabelle"":false});         </script>     "
 DJK SB München 2; 2; Bayernliga; Senioren; männlich; Bayernliga Herren Süd (ByLHS);20006;1728459670646;"    <div id=""widget_1728459670646""></div>         <script>                 widget.ligawidget('widget_1728459670646',                         {""iframeWidth"":1200,""iframeHeight"":600,""showRefreshButton"":true,""titleColor"":""FFFFFF"",""titleBgColor"":""00CC00"",""tapColor"":""FFFFFF"",""tapBgColor"":""333333"",""colorMatchGroup"":""666666"",""bgColorMatchGroup"":""F0F0F0"",""colorMatchListItem"":""000000"",""bgColorMatchListItem"":""FFFFFF"",""showKuerzelInSpiele"":false,""ligaNr"":""20006"",""vereinsId"":""977"",""rangeDays"":8,""activeTap"":""tabelle"",""tapColorActive"":""FFFFFF"",""tapBgColorActive"":""000000"",""tapBorderColorActive"":""00CC00"",""colorTableHeader"":""666666"",""bgColorTableHeader"":""F0F0F0"",""colorTableListItem"":""000000"",""bgColorTableListItem"":""FFFFFF"",""colorTableListItem2"":""000000"",""bgColorTableListItem2"":""FFFFFF"",""showKuerzelInTabelle"":false});         </script>     ";"    <div id=""widget_1728459670646""></div>         <script>                 widget.ligawidget('widget_1728459670646',                         {""iframeWidth"":600,""iframeHeight"":600,""showRefreshButton"":true,""titleColor"":""FFFFFF"",""titleBgColor"":""00CC00"",""tapColor"":""FFFFFF"",""tapBgColor"":""333333"",""colorMatchGroup"":""666666"",""bgColorMatchGroup"":""F0F0F0"",""colorMatchListItem"":""000000"",""bgColorMatchListItem"":""FFFFFF"",""showKuerzelInSpiele"":false,""ligaNr"":""20006"",""vereinsId"":""977"",""rangeDays"":8,""activeTap"":""tabelle"",""tapColorActive"":""FFFFFF"",""tapBgColorActive"":""000000"",""tapBorderColorActive"":""00CC00"",""colorTableHeader"":""666666"",""bgColorTableHeader"":""F0F0F0"",""colorTableListItem"":""000000"",""bgColorTableListItem"":""FFFFFF"",""colorTableListItem2"":""000000"",""bgColorTableListItem2"":""FFFFFF"",""showKuerzelInTabelle"":false});         </script>     "
 DJK SB München (2RL); 1; Bayernpokal; Senioren; männlich; Bayernpokal Herren Saison 24/25;20100;1728459670841;"    <div id=""widget_1728459670841""></div>         <script>                 widget.ligawidget('widget_1728459670841',                         {""iframeWidth"":1200,""iframeHeight"":600,""showRefreshButton"":true,""titleColor"":""FFFFFF"",""titleBgColor"":""00CC00"",""tapColor"":""FFFFFF"",""tapBgColor"":""333333"",""colorMatchGroup"":""666666"",""bgColorMatchGroup"":""F0F0F0"",""colorMatchListItem"":""000000"",""bgColorMatchListItem"":""FFFFFF"",""showKuerzelInSpiele"":false,""ligaNr"":""20100"",""vereinsId"":""977"",""rangeDays"":8,""activeTap"":""tabelle"",""tapColorActive"":""FFFFFF"",""tapBgColorActive"":""000000"",""tapBorderColorActive"":""00CC00"",""colorTableHeader"":""666666"",""bgColorTableHeader"":""F0F0F0"",""colorTableListItem"":""000000"",""bgColorTableListItem"":""FFFFFF"",""colorTableListItem2"":""000000"",""bgColorTableListItem2"":""FFFFFF"",""showKuerzelInTabelle"":false});         </script>     ";"    <div id=""widget_1728459670841""></div>         <script>                 widget.ligawidget('widget_1728459670841',                         {""iframeWidth"":600,""iframeHeight"":600,""showRefreshButton"":true,""titleColor"":""FFFFFF"",""titleBgColor"":""00CC00"",""tapColor"":""FFFFFF"",""tapBgColor"":""333333"",""colorMatchGroup"":""666666"",""bgColorMatchGroup"":""F0F0F0"",""colorMatchListItem"":""000000"",""bgColorMatchListItem"":""FFFFFF"",""showKuerzelInSpiele"":false,""ligaNr"":""20100"",""vereinsId"":""977"",""rangeDays"":8,""activeTap"":""tabelle"",""tapColorActive"":""FFFFFF"",""tapBgColorActive"":""000000"",""tapBorderColorActive"":""00CC00"",""colorTableHeader"":""666666"",""bgColorTableHeader"":""F0F0F0"",""colorTableListItem"":""000000"",""bgColorTableListItem"":""FFFFFF"",""colorTableListItem2"":""000000"",""bgColorTableListItem2"":""FFFFFF"",""showKuerzelInTabelle"":false});         </script>     "
 DJK SB München 3; 3; Bezirksklasse; Senioren; männlich; Bezirksklasse Herren West (BKH) 2024/2025;21102;1728459671002;"    <div id=""widget_1728459671002""></div>         <script>                 widget.ligawidget('widget_1728459671002',                         {""iframeWidth"":1200,""iframeHeight"":600,""showRefreshButton"":true,""titleColor"":""FFFFFF"",""titleBgColor"":""00CC00"",""tapColor"":""FFFFFF"",""tapBgColor"":""333333"",""colorMatchGroup"":""666666"",""bgColorMatchGroup"":""F0F0F0"",""colorMatchListItem"":""000000"",""bgColorMatchListItem"":""FFFFFF"",""showKuerzelInSpiele"":false,""ligaNr"":""21102"",""vereinsId"":""977"",""rangeDays"":8,""activeTap"":""tabelle"",""tapColorActive"":""FFFFFF"",""tapBgColorActive"":""000000"",""tapBorderColorActive"":""00CC00"",""colorTableHeader"":""666666"",""bgColorTableHeader"":""F0F0F0"",""colorTableListItem"":""000000"",""bgColorTableListItem"":""FFFFFF"",""colorTableListItem2"":""000000"",""bgColorTableListItem2"":""FFFFFF"",""showKuerzelInTabelle"":false});         </script>     ";"    <div id=""widget_1728459671002""></div>         <script>                 widget.ligawidget('widget_1728459671002',                         {""iframeWidth"":600,""iframeHeight"":600,""showRefreshButton"":true,""titleColor"":""FFFFFF"",""titleBgColor"":""00CC00"",""tapColor"":""FFFFFF"",""tapBgColor"":""333333"",""colorMatchGroup"":""666666"",""bgColorMatchGroup"":""F0F0F0"",""colorMatchListItem"":""000000"",""bgColorMatchListItem"":""FFFFFF"",""showKuerzelInSpiele"":false,""ligaNr"":""21102"",""vereinsId"":""977"",""rangeDays"":8,""activeTap"":""tabelle"",""tapColorActive"":""FFFFFF"",""tapBgColorActive"":""000000"",""tapBorderColorActive"":""00CC00"",""colorTableHeader"":""666666"",""bgColorTableHeader"":""F0F0F0"",""colorTableListItem"":""000000"",""bgColorTableListItem"":""FFFFFF"",""colorTableListItem2"":""000000"",""bgColorTableListItem2"":""FFFFFF"",""showKuerzelInTabelle"":false});         </script>     "
 DJK SB München 4; 4; Kreisliga; Senioren; männlich; Kreisliga Herren West (KLH) 2024/2025;21103;1728459671162;"    <div id=""widget_1728459671162""></div>         <script>                 widget.ligawidget('widget_1728459671162',                         {""iframeWidth"":1200,""iframeHeight"":600,""showRefreshButton"":true,""titleColor"":""FFFFFF"",""titleBgColor"":""00CC00"",""tapColor"":""FFFFFF"",""tapBgColor"":""333333"",""colorMatchGroup"":""666666"",""bgColorMatchGroup"":""F0F0F0"",""colorMatchListItem"":""000000"",""bgColorMatchListItem"":""FFFFFF"",""showKuerzelInSpiele"":false,""ligaNr"":""21103"",""vereinsId"":""977"",""rangeDays"":8,""activeTap"":""tabelle"",""tapColorActive"":""FFFFFF"",""tapBgColorActive"":""000000"",""tapBorderColorActive"":""00CC00"",""colorTableHeader"":""666666"",""bgColorTableHeader"":""F0F0F0"",""colorTableListItem"":""000000"",""bgColorTableListItem"":""FFFFFF"",""colorTableListItem2"":""000000"",""bgColorTableListItem2"":""FFFFFF"",""showKuerzelInTabelle"":false});         </script>     ";"    <div id=""widget_1728459671162""></div>         <script>                 widget.ligawidget('widget_1728459671162',                         {""iframeWidth"":600,""iframeHeight"":600,""showRefreshButton"":true,""titleColor"":""FFFFFF"",""titleBgColor"":""00CC00"",""tapColor"":""FFFFFF"",""tapBgColor"":""333333"",""colorMatchGroup"":""666666"",""bgColorMatchGroup"":""F0F0F0"",""colorMatchListItem"":""000000"",""bgColorMatchListItem"":""FFFFFF"",""showKuerzelInSpiele"":false,""ligaNr"":""21103"",""vereinsId"":""977"",""rangeDays"":8,""activeTap"":""tabelle"",""tapColorActive"":""FFFFFF"",""tapBgColorActive"":""000000"",""tapBorderColorActive"":""00CC00"",""colorTableHeader"":""666666"",""bgColorTableHeader"":""F0F0F0"",""colorTableListItem"":""000000"",""bgColorTableListItem"":""FFFFFF"",""colorTableListItem2"":""000000"",""bgColorTableListItem2"":""FFFFFF"",""showKuerzelInTabelle"":false});         </script>     "
 DJK SB München; 1; 2. Regionalliga; Senioren; männlich;  (U) Vorbereitungsspiele (2RLH-PRE);299;1728459671332;"    <div id=""widget_1728459671332""></div>         <script>                 widget.ligawidget('widget_1728459671332',                         {""iframeWidth"":1200,""iframeHeight"":600,""showRefreshButton"":true,""titleColor"":""FFFFFF"",""titleBgColor"":""00CC00"",""tapColor"":""FFFFFF"",""tapBgColor"":""333333"",""colorMatchGroup"":""666666"",""bgColorMatchGroup"":""F0F0F0"",""colorMatchListItem"":""000000"",""bgColorMatchListItem"":""FFFFFF"",""showKuerzelInSpiele"":false,""ligaNr"":""299"",""vereinsId"":""977"",""rangeDays"":8,""activeTap"":""tabelle"",""tapColorActive"":""FFFFFF"",""tapBgColorActive"":""000000"",""tapBorderColorActive"":""00CC00"",""colorTableHeader"":""666666"",""bgColorTableHeader"":""F0F0F0"",""colorTableListItem"":""000000"",""bgColorTableListItem"":""FFFFFF"",""colorTableListItem2"":""000000"",""bgColorTableListItem2"":""FFFFFF"",""showKuerzelInTabelle"":false});         </script>     ";"    <div id=""widget_1728459671332""></div>         <script>                 widget.ligawidget('widget_1728459671332',                         {""iframeWidth"":600,""iframeHeight"":600,""showRefreshButton"":true,""titleColor"":""FFFFFF"",""titleBgColor"":""00CC00"",""tapColor"":""FFFFFF"",""tapBgColor"":""333333"",""colorMatchGroup"":""666666"",""bgColorMatchGroup"":""F0F0F0"",""colorMatchListItem"":""000000"",""bgColorMatchListItem"":""FFFFFF"",""showKuerzelInSpiele"":false,""ligaNr"":""299"",""vereinsId"":""977"",""rangeDays"":8,""activeTap"":""tabelle"",""tapColorActive"":""FFFFFF"",""tapBgColorActive"":""000000"",""tapBorderColorActive"":""00CC00"",""colorTableHeader"":""666666"",""bgColorTableHeader"":""F0F0F0"",""colorTableListItem"":""000000"",""bgColorTableListItem"":""FFFFFF"",""colorTableListItem2"":""000000"",""bgColorTableListItem2"":""FFFFFF"",""showKuerzelInTabelle"":false});         </script>     "
 DJK SB München; 1; 2. Regionalliga; Senioren; männlich; 2. Regionalliga Süd (2RLS);202;1728459671487;"    <div id=""widget_1728459671487""></div>         <script>                 widget.ligawidget('widget_1728459671487',                         {""iframeWidth"":1200,""iframeHeight"":600,""showRefreshButton"":true,""titleColor"":""FFFFFF"",""titleBgColor"":""00CC00"",""tapColor"":""FFFFFF"",""tapBgColor"":""333333"",""colorMatchGroup"":""666666"",""bgColorMatchGroup"":""F0F0F0"",""colorMatchListItem"":""000000"",""bgColorMatchListItem"":""FFFFFF"",""showKuerzelInSpiele"":false,""ligaNr"":""202"",""vereinsId"":""977"",""rangeDays"":8,""activeTap"":""tabelle"",""tapColorActive"":""FFFFFF"",""tapBgColorActive"":""000000"",""tapBorderColorActive"":""00CC00"",""colorTableHeader"":""666666"",""bgColorTableHeader"":""F0F0F0"",""colorTableListItem"":""000000"",""bgColorTableListItem"":""FFFFFF"",""colorTableListItem2"":""000000"",""bgColorTableListItem2"":""FFFFFF"",""showKuerzelInTabelle"":false});         </script>     ";"    <div id=""widget_1728459671487""></div>         <script>                 widget.ligawidget('widget_1728459671487',                         {""iframeWidth"":600,""iframeHeight"":600,""showRefreshButton"":true,""titleColor"":""FFFFFF"",""titleBgColor"":""00CC00"",""tapColor"":""FFFFFF"",""tapBgColor"":""333333"",""colorMatchGroup"":""666666"",""bgColorMatchGroup"":""F0F0F0"",""colorMatchListItem"":""000000"",""bgColorMatchListItem"":""FFFFFF"",""showKuerzelInSpiele"":false,""ligaNr"":""202"",""vereinsId"":""977"",""rangeDays"":8,""activeTap"":""tabelle"",""tapColorActive"":""FFFFFF"",""tapBgColorActive"":""000000"",""tapBorderColorActive"":""00CC00"",""colorTableHeader"":""666666"",""bgColorTableHeader"":""F0F0F0"",""colorTableListItem"":""000000"",""bgColorTableListItem"":""FFFFFF"",""colorTableListItem2"":""000000"",""bgColorTableListItem2"":""FFFFFF"",""showKuerzelInTabelle"":false});         </script>     "
 DJK SB München 2; 2; Bezirksliga; U18; männlich; Bezirksliga U18 ml (u18BZL) 2024/25;210056;1728459671665;"    <div id=""widget_1728459671665""></div>         <script>                 widget.ligawidget('widget_1728459671665',                         {""iframeWidth"":1200,""iframeHeight"":600,""showRefreshButton"":true,""titleColor"":""FFFFFF"",""titleBgColor"":""00CC00"",""tapColor"":""FFFFFF"",""tapBgColor"":""333333"",""colorMatchGroup"":""666666"",""bgColorMatchGroup"":""F0F0F0"",""colorMatchListItem"":""000000"",""bgColorMatchListItem"":""FFFFFF"",""showKuerzelInSpiele"":false,""ligaNr"":""210056"",""vereinsId"":""977"",""rangeDays"":8,""activeTap"":""tabelle"",""tapColorActive"":""FFFFFF"",""tapBgColorActive"":""000000"",""tapBorderColorActive"":""00CC00"",""colorTableHeader"":""666666"",""bgColorTableHeader"":""F0F0F0"",""colorTableListItem"":""000000"",""bgColorTableListItem"":""FFFFFF"",""colorTableListItem2"":""000000"",""bgColorTableListItem2"":""FFFFFF"",""showKuerzelInTabelle"":false});         </script>     ";"    <div id=""widget_1728459671665""></div>         <script>                 widget.ligawidget('widget_1728459671665',                         {""iframeWidth"":600,""iframeHeight"":600,""showRefreshButton"":true,""titleColor"":""FFFFFF"",""titleBgColor"":""00CC00"",""tapColor"":""FFFFFF"",""tapBgColor"":""333333"",""colorMatchGroup"":""666666"",""bgColorMatchGroup"":""F0F0F0"",""colorMatchListItem"":""000000"",""bgColorMatchListItem"":""FFFFFF"",""showKuerzelInSpiele"":false,""ligaNr"":""210056"",""vereinsId"":""977"",""rangeDays"":8,""activeTap"":""tabelle"",""tapColorActive"":""FFFFFF"",""tapBgColorActive"":""000000"",""tapBorderColorActive"":""00CC00"",""colorTableHeader"":""666666"",""bgColorTableHeader"":""F0F0F0"",""colorTableListItem"":""000000"",""bgColorTableListItem"":""FFFFFF"",""colorTableListItem2"":""000000"",""bgColorTableListItem2"":""FFFFFF"",""showKuerzelInTabelle"":false});         </script>     "
 DJK SB München; 1; Bezirksoberliga; U18; männlich; Bezirksoberliga U18 ml (u18BOL) 2024/25;210046;1728459671821;"    <div id=""widget_1728459671821""></div>         <script>                 widget.ligawidget('widget_1728459671821',                         {""iframeWidth"":1200,""iframeHeight"":600,""showRefreshButton"":true,""titleColor"":""FFFFFF"",""titleBgColor"":""00CC00"",""tapColor"":""FFFFFF"",""tapBgColor"":""333333"",""colorMatchGroup"":""666666"",""bgColorMatchGroup"":""F0F0F0"",""colorMatchListItem"":""000000"",""bgColorMatchListItem"":""FFFFFF"",""showKuerzelInSpiele"":false,""ligaNr"":""210046"",""vereinsId"":""977"",""rangeDays"":8,""activeTap"":""tabelle"",""tapColorActive"":""FFFFFF"",""tapBgColorActive"":""000000"",""tapBorderColorActive"":""00CC00"",""colorTableHeader"":""666666"",""bgColorTableHeader"":""F0F0F0"",""colorTableListItem"":""000000"",""bgColorTableListItem"":""FFFFFF"",""colorTableListItem2"":""000000"",""bgColorTableListItem2"":""FFFFFF"",""showKuerzelInTabelle"":false});         </script>     ";"    <div id=""widget_1728459671821""></div>         <script>                 widget.ligawidget('widget_1728459671821',                         {""iframeWidth"":600,""iframeHeight"":600,""showRefreshButton"":true,""titleColor"":""FFFFFF"",""titleBgColor"":""00CC00"",""tapColor"":""FFFFFF"",""tapBgColor"":""333333"",""colorMatchGroup"":""666666"",""bgColorMatchGroup"":""F0F0F0"",""colorMatchListItem"":""000000"",""bgColorMatchListItem"":""FFFFFF"",""showKuerzelInSpiele"":false,""ligaNr"":""210046"",""vereinsId"":""977"",""rangeDays"":8,""activeTap"":""tabelle"",""tapColorActive"":""FFFFFF"",""tapBgColorActive"":""000000"",""tapBorderColorActive"":""00CC00"",""colorTableHeader"":""666666"",""bgColorTableHeader"":""F0F0F0"",""colorTableListItem"":""000000"",""bgColorTableListItem"":""FFFFFF"",""colorTableListItem2"":""000000"",""bgColorTableListItem2"":""FFFFFF"",""showKuerzelInTabelle"":false});         </script>     "
 DJK Sportbund München; 1; Bayernliga; U16; männlich; Bayernliga U16 männlich Süd;20168;1728459671967;"    <div id=""widget_1728459671967""></div>         <script>                 widget.ligawidget('widget_1728459671967',                         {""iframeWidth"":1200,""iframeHeight"":600,""showRefreshButton"":true,""titleColor"":""FFFFFF"",""titleBgColor"":""00CC00"",""tapColor"":""FFFFFF"",""tapBgColor"":""333333"",""colorMatchGroup"":""666666"",""bgColorMatchGroup"":""F0F0F0"",""colorMatchListItem"":""000000"",""bgColorMatchListItem"":""FFFFFF"",""showKuerzelInSpiele"":false,""ligaNr"":""20168"",""vereinsId"":""977"",""rangeDays"":8,""activeTap"":""tabelle"",""tapColorActive"":""FFFFFF"",""tapBgColorActive"":""000000"",""tapBorderColorActive"":""00CC00"",""colorTableHeader"":""666666"",""bgColorTableHeader"":""F0F0F0"",""colorTableListItem"":""000000"",""bgColorTableListItem"":""FFFFFF"",""colorTableListItem2"":""000000"",""bgColorTableListItem2"":""FFFFFF"",""showKuerzelInTabelle"":false});         </script>     ";"    <div id=""widget_1728459671967""></div>         <script>                 widget.ligawidget('widget_1728459671967',                         {""iframeWidth"":600,""iframeHeight"":600,""showRefreshButton"":true,""titleColor"":""FFFFFF"",""titleBgColor"":""00CC00"",""tapColor"":""FFFFFF"",""tapBgColor"":""333333"",""colorMatchGroup"":""666666"",""bgColorMatchGroup"":""F0F0F0"",""colorMatchListItem"":""000000"",""bgColorMatchListItem"":""FFFFFF"",""showKuerzelInSpiele"":false,""ligaNr"":""20168"",""vereinsId"":""977"",""rangeDays"":8,""activeTap"":""tabelle"",""tapColorActive"":""FFFFFF"",""tapBgColorActive"":""000000"",""tapBorderColorActive"":""00CC00"",""colorTableHeader"":""666666"",""bgColorTableHeader"":""F0F0F0"",""colorTableListItem"":""000000"",""bgColorTableListItem"":""FFFFFF"",""colorTableListItem2"":""000000"",""bgColorTableListItem2"":""FFFFFF"",""showKuerzelInTabelle"":false});         </script>     "
 DJK SB München 2; 2; Bezirksoberliga; U16; männlich; Bezirksoberliga U16 ml (u16BOL) 2024/25;210048;1728459672117;"    <div id=""widget_1728459672117""></div>         <script>                 widget.ligawidget('widget_1728459672117',                         {""iframeWidth"":1200,""iframeHeight"":600,""showRefreshButton"":true,""titleColor"":""FFFFFF"",""titleBgColor"":""00CC00"",""tapColor"":""FFFFFF"",""tapBgColor"":""333333"",""colorMatchGroup"":""666666"",""bgColorMatchGroup"":""F0F0F0"",""colorMatchListItem"":""000000"",""bgColorMatchListItem"":""FFFFFF"",""showKuerzelInSpiele"":false,""ligaNr"":""210048"",""vereinsId"":""977"",""rangeDays"":8,""activeTap"":""tabelle"",""tapColorActive"":""FFFFFF"",""tapBgColorActive"":""000000"",""tapBorderColorActive"":""00CC00"",""colorTableHeader"":""666666"",""bgColorTableHeader"":""F0F0F0"",""colorTableListItem"":""000000"",""bgColorTableListItem"":""FFFFFF"",""colorTableListItem2"":""000000"",""bgColorTableListItem2"":""FFFFFF"",""showKuerzelInTabelle"":false});         </script>     ";"    <div id=""widget_1728459672117""></div>         <script>                 widget.ligawidget('widget_1728459672117',                         {""iframeWidth"":600,""iframeHeight"":600,""showRefreshButton"":true,""titleColor"":""FFFFFF"",""titleBgColor"":""00CC00"",""tapColor"":""FFFFFF"",""tapBgColor"":""333333"",""colorMatchGroup"":""666666"",""bgColorMatchGroup"":""F0F0F0"",""colorMatchListItem"":""000000"",""bgColorMatchListItem"":""FFFFFF"",""showKuerzelInSpiele"":false,""ligaNr"":""210048"",""vereinsId"":""977"",""rangeDays"":8,""activeTap"":""tabelle"",""tapColorActive"":""FFFFFF"",""tapBgColorActive"":""000000"",""tapBorderColorActive"":""00CC00"",""colorTableHeader"":""666666"",""bgColorTableHeader"":""F0F0F0"",""colorTableListItem"":""000000"",""bgColorTableListItem"":""FFFFFF"",""colorTableListItem2"":""000000"",""bgColorTableListItem2"":""FFFFFF"",""showKuerzelInTabelle"":false});         </script>     "
 DJK SB München 3; 3; Kreisliga; U16; männlich; Kreisliga u16m-A West (KLu16m-A) 2024/2025;21109;1728459672266;"    <div id=""widget_1728459672266""></div>         <script>                 widget.ligawidget('widget_1728459672266',                         {""iframeWidth"":1200,""iframeHeight"":600,""showRefreshButton"":true,""titleColor"":""FFFFFF"",""titleBgColor"":""00CC00"",""tapColor"":""FFFFFF"",""tapBgColor"":""333333"",""colorMatchGroup"":""666666"",""bgColorMatchGroup"":""F0F0F0"",""colorMatchListItem"":""000000"",""bgColorMatchListItem"":""FFFFFF"",""showKuerzelInSpiele"":false,""ligaNr"":""21109"",""vereinsId"":""977"",""rangeDays"":8,""activeTap"":""tabelle"",""tapColorActive"":""FFFFFF"",""tapBgColorActive"":""000000"",""tapBorderColorActive"":""00CC00"",""colorTableHeader"":""666666"",""bgColorTableHeader"":""F0F0F0"",""colorTableListItem"":""000000"",""bgColorTableListItem"":""FFFFFF"",""colorTableListItem2"":""000000"",""bgColorTableListItem2"":""FFFFFF"",""showKuerzelInTabelle"":false});         </script>     ";"    <div id=""widget_1728459672266""></div>         <script>                 widget.ligawidget('widget_1728459672266',                         {""iframeWidth"":600,""iframeHeight"":600,""showRefreshButton"":true,""titleColor"":""FFFFFF"",""titleBgColor"":""00CC00"",""tapColor"":""FFFFFF"",""tapBgColor"":""333333"",""colorMatchGroup"":""666666"",""bgColorMatchGroup"":""F0F0F0"",""colorMatchListItem"":""000000"",""bgColorMatchListItem"":""FFFFFF"",""showKuerzelInSpiele"":false,""ligaNr"":""21109"",""vereinsId"":""977"",""rangeDays"":8,""activeTap"":""tabelle"",""tapColorActive"":""FFFFFF"",""tapBgColorActive"":""000000"",""tapBorderColorActive"":""00CC00"",""colorTableHeader"":""666666"",""bgColorTableHeader"":""F0F0F0"",""colorTableListItem"":""000000"",""bgColorTableListItem"":""FFFFFF"",""colorTableListItem2"":""000000"",""bgColorTableListItem2"":""FFFFFF"",""showKuerzelInTabelle"":false});         </script>     "
 DJK SB München; 1; Kreisliga; U16; weiblich; Kreisliga u16w-B (KLu16w-B) Gr. S-West 2024/2025;21126;1728459672414;"    <div id=""widget_1728459672414""></div>         <script>                 widget.ligawidget('widget_1728459672414',                         {""iframeWidth"":1200,""iframeHeight"":600,""showRefreshButton"":true,""titleColor"":""FFFFFF"",""titleBgColor"":""00CC00"",""tapColor"":""FFFFFF"",""tapBgColor"":""333333"",""colorMatchGroup"":""666666"",""bgColorMatchGroup"":""F0F0F0"",""colorMatchListItem"":""000000"",""bgColorMatchListItem"":""FFFFFF"",""showKuerzelInSpiele"":false,""ligaNr"":""21126"",""vereinsId"":""977"",""rangeDays"":8,""activeTap"":""tabelle"",""tapColorActive"":""FFFFFF"",""tapBgColorActive"":""000000"",""tapBorderColorActive"":""00CC00"",""colorTableHeader"":""666666"",""bgColorTableHeader"":""F0F0F0"",""colorTableListItem"":""000000"",""bgColorTableListItem"":""FFFFFF"",""colorTableListItem2"":""000000"",""bgColorTableListItem2"":""FFFFFF"",""showKuerzelInTabelle"":false});         </script>     ";"    <div id=""widget_1728459672414""></div>         <script>                 widget.ligawidget('widget_1728459672414',                         {""iframeWidth"":600,""iframeHeight"":600,""showRefreshButton"":true,""titleColor"":""FFFFFF"",""titleBgColor"":""00CC00"",""tapColor"":""FFFFFF"",""tapBgColor"":""333333"",""colorMatchGroup"":""666666"",""bgColorMatchGroup"":""F0F0F0"",""colorMatchListItem"":""000000"",""bgColorMatchListItem"":""FFFFFF"",""showKuerzelInSpiele"":false,""ligaNr"":""21126"",""vereinsId"":""977"",""rangeDays"":8,""activeTap"":""tabelle"",""tapColorActive"":""FFFFFF"",""tapBgColorActive"":""000000"",""tapBorderColorActive"":""00CC00"",""colorTableHeader"":""666666"",""bgColorTableHeader"":""F0F0F0"",""colorTableListItem"":""000000"",""bgColorTableListItem"":""FFFFFF"",""colorTableListItem2"":""000000"",""bgColorTableListItem2"":""FFFFFF"",""showKuerzelInTabelle"":false});         </script>     "
 DJK SB München; 1; Bezirksoberliga; U14; weiblich; Bezirksoberliga U14 wbl (bolu14w) 2024/25;210051;1728459672564;"    <div id=""widget_1728459672564""></div>         <script>                 widget.ligawidget('widget_1728459672564',                         {""iframeWidth"":1200,""iframeHeight"":600,""showRefreshButton"":true,""titleColor"":""FFFFFF"",""titleBgColor"":""00CC00"",""tapColor"":""FFFFFF"",""tapBgColor"":""333333"",""colorMatchGroup"":""666666"",""bgColorMatchGroup"":""F0F0F0"",""colorMatchListItem"":""000000"",""bgColorMatchListItem"":""FFFFFF"",""showKuerzelInSpiele"":false,""ligaNr"":""210051"",""vereinsId"":""977"",""rangeDays"":8,""activeTap"":""tabelle"",""tapColorActive"":""FFFFFF"",""tapBgColorActive"":""000000"",""tapBorderColorActive"":""00CC00"",""colorTableHeader"":""666666"",""bgColorTableHeader"":""F0F0F0"",""colorTableListItem"":""000000"",""bgColorTableListItem"":""FFFFFF"",""colorTableListItem2"":""000000"",""bgColorTableListItem2"":""FFFFFF"",""showKuerzelInTabelle"":false});         </script>     ";"    <div id=""widget_1728459672564""></div>         <script>                 widget.ligawidget('widget_1728459672564',                         {""iframeWidth"":600,""iframeHeight"":600,""showRefreshButton"":true,""titleColor"":""FFFFFF"",""titleBgColor"":""00CC00"",""tapColor"":""FFFFFF"",""tapBgColor"":""333333"",""colorMatchGroup"":""666666"",""bgColorMatchGroup"":""F0F0F0"",""colorMatchListItem"":""000000"",""bgColorMatchListItem"":""FFFFFF"",""showKuerzelInSpiele"":false,""ligaNr"":""210051"",""vereinsId"":""977"",""rangeDays"":8,""activeTap"":""tabelle"",""tapColorActive"":""FFFFFF"",""tapBgColorActive"":""000000"",""tapBorderColorActive"":""00CC00"",""colorTableHeader"":""666666"",""bgColorTableHeader"":""F0F0F0"",""colorTableListItem"":""000000"",""bgColorTableListItem"":""FFFFFF"",""colorTableListItem2"":""000000"",""bgColorTableListItem2"":""FFFFFF"",""showKuerzelInTabelle"":false});         </script>     "
 DJK SB München 3; 3; Kreisklasse; U14; männlich; Kreisklasse u14m-A West (KKu14m-A) 2024/2025;21119;1728459672714;"    <div id=""widget_1728459672714""></div>         <script>                 widget.ligawidget('widget_1728459672714',                         {""iframeWidth"":1200,""iframeHeight"":600,""showRefreshButton"":true,""titleColor"":""FFFFFF"",""titleBgColor"":""00CC00"",""tapColor"":""FFFFFF"",""tapBgColor"":""333333"",""colorMatchGroup"":""666666"",""bgColorMatchGroup"":""F0F0F0"",""colorMatchListItem"":""000000"",""bgColorMatchListItem"":""FFFFFF"",""showKuerzelInSpiele"":false,""ligaNr"":""21119"",""vereinsId"":""977"",""rangeDays"":8,""activeTap"":""tabelle"",""tapColorActive"":""FFFFFF"",""tapBgColorActive"":""000000"",""tapBorderColorActive"":""00CC00"",""colorTableHeader"":""666666"",""bgColorTableHeader"":""F0F0F0"",""colorTableListItem"":""000000"",""bgColorTableListItem"":""FFFFFF"",""colorTableListItem2"":""000000"",""bgColorTableListItem2"":""FFFFFF"",""showKuerzelInTabelle"":false});         </script>     ";"    <div id=""widget_1728459672714""></div>         <script>                 widget.ligawidget('widget_1728459672714',                         {""iframeWidth"":600,""iframeHeight"":600,""showRefreshButton"":true,""titleColor"":""FFFFFF"",""titleBgColor"":""00CC00"",""tapColor"":""FFFFFF"",""tapBgColor"":""333333"",""colorMatchGroup"":""666666"",""bgColorMatchGroup"":""F0F0F0"",""colorMatchListItem"":""000000"",""bgColorMatchListItem"":""FFFFFF"",""showKuerzelInSpiele"":false,""ligaNr"":""21119"",""vereinsId"":""977"",""rangeDays"":8,""activeTap"":""tabelle"",""tapColorActive"":""FFFFFF"",""tapBgColorActive"":""000000"",""tapBorderColorActive"":""00CC00"",""colorTableHeader"":""666666"",""bgColorTableHeader"":""F0F0F0"",""colorTableListItem"":""000000"",""bgColorTableListItem"":""FFFFFF"",""colorTableListItem2"":""000000"",""bgColorTableListItem2"":""FFFFFF"",""showKuerzelInTabelle"":false});         </script>     "
(zurückgezogen); 2; Kreisliga; U14; männlich; Kreisliga u14m West (KLu14m) 2024/2025;21112;1728459672865;"    <div id=""widget_1728459672865""></div>         <script>                 widget.ligawidget('widget_1728459672865',                         {""iframeWidth"":1200,""iframeHeight"":600,""showRefreshButton"":true,""titleColor"":""FFFFFF"",""titleBgColor"":""00CC00"",""tapColor"":""FFFFFF"",""tapBgColor"":""333333"",""colorMatchGroup"":""666666"",""bgColorMatchGroup"":""F0F0F0"",""colorMatchListItem"":""000000"",""bgColorMatchListItem"":""FFFFFF"",""showKuerzelInSpiele"":false,""ligaNr"":""21112"",""vereinsId"":""977"",""rangeDays"":8,""activeTap"":""tabelle"",""tapColorActive"":""FFFFFF"",""tapBgColorActive"":""000000"",""tapBorderColorActive"":""00CC00"",""colorTableHeader"":""666666"",""bgColorTableHeader"":""F0F0F0"",""colorTableListItem"":""000000"",""bgColorTableListItem"":""FFFFFF"",""colorTableListItem2"":""000000"",""bgColorTableListItem2"":""FFFFFF"",""showKuerzelInTabelle"":false});         </script>     ";"    <div id=""widget_1728459672865""></div>         <script>                 widget.ligawidget('widget_1728459672865',                         {""iframeWidth"":600,""iframeHeight"":600,""showRefreshButton"":true,""titleColor"":""FFFFFF"",""titleBgColor"":""00CC00"",""tapColor"":""FFFFFF"",""tapBgColor"":""333333"",""colorMatchGroup"":""666666"",""bgColorMatchGroup"":""F0F0F0"",""colorMatchListItem"":""000000"",""bgColorMatchListItem"":""FFFFFF"",""showKuerzelInSpiele"":false,""ligaNr"":""21112"",""vereinsId"":""977"",""rangeDays"":8,""activeTap"":""tabelle"",""tapColorActive"":""FFFFFF"",""tapBgColorActive"":""000000"",""tapBorderColorActive"":""00CC00"",""colorTableHeader"":""666666"",""bgColorTableHeader"":""F0F0F0"",""colorTableListItem"":""000000"",""bgColorTableListItem"":""FFFFFF"",""colorTableListItem2"":""000000"",""bgColorTableListItem2"":""FFFFFF"",""showKuerzelInTabelle"":false});         </script>     "
 DJK SB München 2; 2; Kreisliga; U14; weiblich; Kreisliga u14w-B (KLu14w-B) Gr. S-West 2024/2025;21106;1728459673019;"    <div id=""widget_1728459673019""></div>         <script>                 widget.ligawidget('widget_1728459673019',                         {""iframeWidth"":1200,""iframeHeight"":600,""showRefreshButton"":true,""titleColor"":""FFFFFF"",""titleBgColor"":""00CC00"",""tapColor"":""FFFFFF"",""tapBgColor"":""333333"",""colorMatchGroup"":""666666"",""bgColorMatchGroup"":""F0F0F0"",""colorMatchListItem"":""000000"",""bgColorMatchListItem"":""FFFFFF"",""showKuerzelInSpiele"":false,""ligaNr"":""21106"",""vereinsId"":""977"",""rangeDays"":8,""activeTap"":""tabelle"",""tapColorActive"":""FFFFFF"",""tapBgColorActive"":""000000"",""tapBorderColorActive"":""00CC00"",""colorTableHeader"":""666666"",""bgColorTableHeader"":""F0F0F0"",""colorTableListItem"":""000000"",""bgColorTableListItem"":""FFFFFF"",""colorTableListItem2"":""000000"",""bgColorTableListItem2"":""FFFFFF"",""showKuerzelInTabelle"":false});         </script>     ";"    <div id=""widget_1728459673019""></div>         <script>                 widget.ligawidget('widget_1728459673019',                         {""iframeWidth"":600,""iframeHeight"":600,""showRefreshButton"":true,""titleColor"":""FFFFFF"",""titleBgColor"":""00CC00"",""tapColor"":""FFFFFF"",""tapBgColor"":""333333"",""colorMatchGroup"":""666666"",""bgColorMatchGroup"":""F0F0F0"",""colorMatchListItem"":""000000"",""bgColorMatchListItem"":""FFFFFF"",""showKuerzelInSpiele"":false,""ligaNr"":""21106"",""vereinsId"":""977"",""rangeDays"":8,""activeTap"":""tabelle"",""tapColorActive"":""FFFFFF"",""tapBgColorActive"":""000000"",""tapBorderColorActive"":""00CC00"",""colorTableHeader"":""666666"",""bgColorTableHeader"":""F0F0F0"",""colorTableListItem"":""000000"",""bgColorTableListItem"":""FFFFFF"",""colorTableListItem2"":""000000"",""bgColorTableListItem2"":""FFFFFF"",""showKuerzelInTabelle"":false});         </script>     "
 DJK SB München 2; 1; Landesliga; U14; männlich; Landesliga U14 männlich Süd;20149;1728459673170;"    <div id=""widget_1728459673170""></div>         <script>                 widget.ligawidget('widget_1728459673170',                         {""iframeWidth"":1200,""iframeHeight"":600,""showRefreshButton"":true,""titleColor"":""FFFFFF"",""titleBgColor"":""00CC00"",""tapColor"":""FFFFFF"",""tapBgColor"":""333333"",""colorMatchGroup"":""666666"",""bgColorMatchGroup"":""F0F0F0"",""colorMatchListItem"":""000000"",""bgColorMatchListItem"":""FFFFFF"",""showKuerzelInSpiele"":false,""ligaNr"":""20149"",""vereinsId"":""977"",""rangeDays"":8,""activeTap"":""tabelle"",""tapColorActive"":""FFFFFF"",""tapBgColorActive"":""000000"",""tapBorderColorActive"":""00CC00"",""colorTableHeader"":""666666"",""bgColorTableHeader"":""F0F0F0"",""colorTableListItem"":""000000"",""bgColorTableListItem"":""FFFFFF"",""colorTableListItem2"":""000000"",""bgColorTableListItem2"":""FFFFFF"",""showKuerzelInTabelle"":false});         </script>     ";"    <div id=""widget_1728459673170""></div>         <script>                 widget.ligawidget('widget_1728459673170',                         {""iframeWidth"":600,""iframeHeight"":600,""showRefreshButton"":true,""titleColor"":""FFFFFF"",""titleBgColor"":""00CC00"",""tapColor"":""FFFFFF"",""tapBgColor"":""333333"",""colorMatchGroup"":""666666"",""bgColorMatchGroup"":""F0F0F0"",""colorMatchListItem"":""000000"",""bgColorMatchListItem"":""FFFFFF"",""showKuerzelInSpiele"":false,""ligaNr"":""20149"",""vereinsId"":""977"",""rangeDays"":8,""activeTap"":""tabelle"",""tapColorActive"":""FFFFFF"",""tapBgColorActive"":""000000"",""tapBorderColorActive"":""00CC00"",""colorTableHeader"":""666666"",""bgColorTableHeader"":""F0F0F0"",""colorTableListItem"":""000000"",""bgColorTableListItem"":""FFFFFF"",""colorTableListItem2"":""000000"",""bgColorTableListItem2"":""FFFFFF"",""showKuerzelInTabelle"":false});         </script>     "
 DJK Sportbund München; 1; Bezirksoberliga; U12; männlich; Bezirksoberliga U12 ml (u12BOL) 2024/25;210060;1728459673323;"    <div id=""widget_1728459673323""></div>         <script>                 widget.ligawidget('widget_1728459673323',                         {""iframeWidth"":1200,""iframeHeight"":600,""showRefreshButton"":true,""titleColor"":""FFFFFF"",""titleBgColor"":""00CC00"",""tapColor"":""FFFFFF"",""tapBgColor"":""333333"",""colorMatchGroup"":""666666"",""bgColorMatchGroup"":""F0F0F0"",""colorMatchListItem"":""000000"",""bgColorMatchListItem"":""FFFFFF"",""showKuerzelInSpiele"":false,""ligaNr"":""210060"",""vereinsId"":""977"",""rangeDays"":8,""activeTap"":""tabelle"",""tapColorActive"":""FFFFFF"",""tapBgColorActive"":""000000"",""tapBorderColorActive"":""00CC00"",""colorTableHeader"":""666666"",""bgColorTableHeader"":""F0F0F0"",""colorTableListItem"":""000000"",""bgColorTableListItem"":""FFFFFF"",""colorTableListItem2"":""000000"",""bgColorTableListItem2"":""FFFFFF"",""showKuerzelInTabelle"":false});         </script>     ";"    <div id=""widget_1728459673323""></div>         <script>                 widget.ligawidget('widget_1728459673323',                         {""iframeWidth"":600,""iframeHeight"":600,""showRefreshButton"":true,""titleColor"":""FFFFFF"",""titleBgColor"":""00CC00"",""tapColor"":""FFFFFF"",""tapBgColor"":""333333"",""colorMatchGroup"":""666666"",""bgColorMatchGroup"":""F0F0F0"",""colorMatchListItem"":""000000"",""bgColorMatchListItem"":""FFFFFF"",""showKuerzelInSpiele"":false,""ligaNr"":""210060"",""vereinsId"":""977"",""rangeDays"":8,""activeTap"":""tabelle"",""tapColorActive"":""FFFFFF"",""tapBgColorActive"":""000000"",""tapBorderColorActive"":""00CC00"",""colorTableHeader"":""666666"",""bgColorTableHeader"":""F0F0F0"",""colorTableListItem"":""000000"",""bgColorTableListItem"":""FFFFFF"",""colorTableListItem2"":""000000"",""bgColorTableListItem2"":""FFFFFF"",""showKuerzelInTabelle"":false});         </script>     "
 DJK SB München; 2; Kreisliga; U12; männlich; Kreisliga u12m-A West (KLu12m-A) 2024/2025;21118;1728459673479;"    <div id=""widget_1728459673479""></div>         <script>                 widget.ligawidget('widget_1728459673479',                         {""iframeWidth"":1200,""iframeHeight"":600,""showRefreshButton"":true,""titleColor"":""FFFFFF"",""titleBgColor"":""00CC00"",""tapColor"":""FFFFFF"",""tapBgColor"":""333333"",""colorMatchGroup"":""666666"",""bgColorMatchGroup"":""F0F0F0"",""colorMatchListItem"":""000000"",""bgColorMatchListItem"":""FFFFFF"",""showKuerzelInSpiele"":false,""ligaNr"":""21118"",""vereinsId"":""977"",""rangeDays"":8,""activeTap"":""tabelle"",""tapColorActive"":""FFFFFF"",""tapBgColorActive"":""000000"",""tapBorderColorActive"":""00CC00"",""colorTableHeader"":""666666"",""bgColorTableHeader"":""F0F0F0"",""colorTableListItem"":""000000"",""bgColorTableListItem"":""FFFFFF"",""colorTableListItem2"":""000000"",""bgColorTableListItem2"":""FFFFFF"",""showKuerzelInTabelle"":false});         </script>     ";"    <div id=""widget_1728459673479""></div>         <script>                 widget.ligawidget('widget_1728459673479',                         {""iframeWidth"":600,""iframeHeight"":600,""showRefreshButton"":true,""titleColor"":""FFFFFF"",""titleBgColor"":""00CC00"",""tapColor"":""FFFFFF"",""tapBgColor"":""333333"",""colorMatchGroup"":""666666"",""bgColorMatchGroup"":""F0F0F0"",""colorMatchListItem"":""000000"",""bgColorMatchListItem"":""FFFFFF"",""showKuerzelInSpiele"":false,""ligaNr"":""21118"",""vereinsId"":""977"",""rangeDays"":8,""activeTap"":""tabelle"",""tapColorActive"":""FFFFFF"",""tapBgColorActive"":""000000"",""tapBorderColorActive"":""00CC00"",""colorTableHeader"":""666666"",""bgColorTableHeader"":""F0F0F0"",""colorTableListItem"":""000000"",""bgColorTableListItem"":""FFFFFF"",""colorTableListItem2"":""000000"",""bgColorTableListItem2"":""FFFFFF"",""showKuerzelInTabelle"":false});         </script>     "
 DJK SB München 2; 1; Kreisliga; U12; weiblich; Kreisliga u12w Zentral (klu12w-Z) 2024/25;21244;1728459673632;"    <div id=""widget_1728459673632""></div>         <script>                 widget.ligawidget('widget_1728459673632',                         {""iframeWidth"":1200,""iframeHeight"":600,""showRefreshButton"":true,""titleColor"":""FFFFFF"",""titleBgColor"":""00CC00"",""tapColor"":""FFFFFF"",""tapBgColor"":""333333"",""colorMatchGroup"":""666666"",""bgColorMatchGroup"":""F0F0F0"",""colorMatchListItem"":""000000"",""bgColorMatchListItem"":""FFFFFF"",""showKuerzelInSpiele"":false,""ligaNr"":""21244"",""vereinsId"":""977"",""rangeDays"":8,""activeTap"":""tabelle"",""tapColorActive"":""FFFFFF"",""tapBgColorActive"":""000000"",""tapBorderColorActive"":""00CC00"",""colorTableHeader"":""666666"",""bgColorTableHeader"":""F0F0F0"",""colorTableListItem"":""000000"",""bgColorTableListItem"":""FFFFFF"",""colorTableListItem2"":""000000"",""bgColorTableListItem2"":""FFFFFF"",""showKuerzelInTabelle"":false});         </script>     ";"    <div id=""widget_1728459673632""></div>         <script>                 widget.ligawidget('widget_1728459673632',                         {""iframeWidth"":600,""iframeHeight"":600,""showRefreshButton"":true,""titleColor"":""FFFFFF"",""titleBgColor"":""00CC00"",""tapColor"":""FFFFFF"",""tapBgColor"":""333333"",""colorMatchGroup"":""666666"",""bgColorMatchGroup"":""F0F0F0"",""colorMatchListItem"":""000000"",""bgColorMatchListItem"":""FFFFFF"",""showKuerzelInSpiele"":false,""ligaNr"":""21244"",""vereinsId"":""977"",""rangeDays"":8,""activeTap"":""tabelle"",""tapColorActive"":""FFFFFF"",""tapBgColorActive"":""000000"",""tapBorderColorActive"":""00CC00"",""colorTableHeader"":""666666"",""bgColorTableHeader"":""F0F0F0"",""colorTableListItem"":""000000"",""bgColorTableListItem"":""FFFFFF"",""colorTableListItem2"":""000000"",""bgColorTableListItem2"":""FFFFFF"",""showKuerzelInTabelle"":false});         </script>     "
 DJK SB München; 1; Bezirksoberliga; U10; männlich; Bezirksoberliga u10 (u10BOL) 2024/25;210054;1728459673787;"    <div id=""widget_1728459673787""></div>         <script>                 widget.ligawidget('widget_1728459673787',                         {""iframeWidth"":1200,""iframeHeight"":600,""showRefreshButton"":true,""titleColor"":""FFFFFF"",""titleBgColor"":""00CC00"",""tapColor"":""FFFFFF"",""tapBgColor"":""333333"",""colorMatchGroup"":""666666"",""bgColorMatchGroup"":""F0F0F0"",""colorMatchListItem"":""000000"",""bgColorMatchListItem"":""FFFFFF"",""showKuerzelInSpiele"":false,""ligaNr"":""210054"",""vereinsId"":""977"",""rangeDays"":8,""activeTap"":""tabelle"",""tapColorActive"":""FFFFFF"",""tapBgColorActive"":""000000"",""tapBorderColorActive"":""00CC00"",""colorTableHeader"":""666666"",""bgColorTableHeader"":""F0F0F0"",""colorTableListItem"":""000000"",""bgColorTableListItem"":""FFFFFF"",""colorTableListItem2"":""000000"",""bgColorTableListItem2"":""FFFFFF"",""showKuerzelInTabelle"":false});         </script>     ";"    <div id=""widget_1728459673787""></div>         <script>                 widget.ligawidget('widget_1728459673787',                         {""iframeWidth"":600,""iframeHeight"":600,""showRefreshButton"":true,""titleColor"":""FFFFFF"",""titleBgColor"":""00CC00"",""tapColor"":""FFFFFF"",""tapBgColor"":""333333"",""colorMatchGroup"":""666666"",""bgColorMatchGroup"":""F0F0F0"",""colorMatchListItem"":""000000"",""bgColorMatchListItem"":""FFFFFF"",""showKuerzelInSpiele"":false,""ligaNr"":""210054"",""vereinsId"":""977"",""rangeDays"":8,""activeTap"":""tabelle"",""tapColorActive"":""FFFFFF"",""tapBgColorActive"":""000000"",""tapBorderColorActive"":""00CC00"",""colorTableHeader"":""666666"",""bgColorTableHeader"":""F0F0F0"",""colorTableListItem"":""000000"",""bgColorTableListItem"":""FFFFFF"",""colorTableListItem2"":""000000"",""bgColorTableListItem2"":""FFFFFF"",""showKuerzelInTabelle"":false});         </script>     "
 DJK SB München; 1; Bezirksoberliga; U10; weiblich; Bezirksoberliga u10 (u10bol) 2024/25;210055;1728459673970;"    <div id=""widget_1728459673970""></div>         <script>                 widget.ligawidget('widget_1728459673970',                         {""iframeWidth"":1200,""iframeHeight"":600,""showRefreshButton"":true,""titleColor"":""FFFFFF"",""titleBgColor"":""00CC00"",""tapColor"":""FFFFFF"",""tapBgColor"":""333333"",""colorMatchGroup"":""666666"",""bgColorMatchGroup"":""F0F0F0"",""colorMatchListItem"":""000000"",""bgColorMatchListItem"":""FFFFFF"",""showKuerzelInSpiele"":false,""ligaNr"":""210055"",""vereinsId"":""977"",""rangeDays"":8,""activeTap"":""tabelle"",""tapColorActive"":""FFFFFF"",""tapBgColorActive"":""000000"",""tapBorderColorActive"":""00CC00"",""colorTableHeader"":""666666"",""bgColorTableHeader"":""F0F0F0"",""colorTableListItem"":""000000"",""bgColorTableListItem"":""FFFFFF"",""colorTableListItem2"":""000000"",""bgColorTableListItem2"":""FFFFFF"",""showKuerzelInTabelle"":false});         </script>     ";"    <div id=""widget_1728459673970""></div>         <script>                 widget.ligawidget('widget_1728459673970',                         {""iframeWidth"":600,""iframeHeight"":600,""showRefreshButton"":true,""titleColor"":""FFFFFF"",""titleBgColor"":""00CC00"",""tapColor"":""FFFFFF"",""tapBgColor"":""333333"",""colorMatchGroup"":""666666"",""bgColorMatchGroup"":""F0F0F0"",""colorMatchListItem"":""000000"",""bgColorMatchListItem"":""FFFFFF"",""showKuerzelInSpiele"":false,""ligaNr"":""210055"",""vereinsId"":""977"",""rangeDays"":8,""activeTap"":""tabelle"",""tapColorActive"":""FFFFFF"",""tapBgColorActive"":""000000"",""tapBorderColorActive"":""00CC00"",""colorTableHeader"":""666666"",""bgColorTableHeader"":""F0F0F0"",""colorTableListItem"":""000000"",""bgColorTableListItem"":""FFFFFF"",""colorTableListItem2"":""000000"",""bgColorTableListItem2"":""FFFFFF"",""showKuerzelInTabelle"":false});         </script>     "
 DJK SB München; 2; Kreisklasse; U10; männlich; Kreisklasse u10m-A West (KKu10m-A) 2024/2025;21122;1728459674122;"    <div id=""widget_1728459674122""></div>         <script>                 widget.ligawidget('widget_1728459674122',                         {""iframeWidth"":1200,""iframeHeight"":600,""showRefreshButton"":true,""titleColor"":""FFFFFF"",""titleBgColor"":""00CC00"",""tapColor"":""FFFFFF"",""tapBgColor"":""333333"",""colorMatchGroup"":""666666"",""bgColorMatchGroup"":""F0F0F0"",""colorMatchListItem"":""000000"",""bgColorMatchListItem"":""FFFFFF"",""showKuerzelInSpiele"":false,""ligaNr"":""21122"",""vereinsId"":""977"",""rangeDays"":8,""activeTap"":""tabelle"",""tapColorActive"":""FFFFFF"",""tapBgColorActive"":""000000"",""tapBorderColorActive"":""00CC00"",""colorTableHeader"":""666666"",""bgColorTableHeader"":""F0F0F0"",""colorTableListItem"":""000000"",""bgColorTableListItem"":""FFFFFF"",""colorTableListItem2"":""000000"",""bgColorTableListItem2"":""FFFFFF"",""showKuerzelInTabelle"":false});         </script>";"    <div id=""widget_1728459674122""></div>         <script>                 widget.ligawidget('widget_1728459674122',                         {""iframeWidth"":600,""iframeHeight"":600,""showRefreshButton"":true,""titleColor"":""FFFFFF"",""titleBgColor"":""00CC00"",""tapColor"":""FFFFFF"",""tapBgColor"":""333333"",""colorMatchGroup"":""666666"",""bgColorMatchGroup"":""F0F0F0"",""colorMatchListItem"":""000000"",""bgColorMatchListItem"":""FFFFFF"",""showKuerzelInSpiele"":false,""ligaNr"":""21122"",""vereinsId"":""977"",""rangeDays"":8,""activeTap"":""tabelle"",""tapColorActive"":""FFFFFF"",""tapBgColorActive"":""000000"",""tapBorderColorActive"":""00CC00"",""colorTableHeader"":""666666"",""bgColorTableHeader"":""F0F0F0"",""colorTableListItem"":""000000"",""bgColorTableListItem"":""FFFFFF"",""colorTableListItem2"":""000000"",""bgColorTableListItem2"":""FFFFFF"",""showKuerzelInTabelle"":false});         </script>"

ä;ü;Ü;ß
a;u;U;S
